typosquatted_package_name,comment,package_official_url
*aasyncio*,"Potential typo squatting, variations of asyncio","https://pypi.org/project/asyncio/"
*assyncio*,"Potential typo squatting, variations of asyncio","https://pypi.org/project/asyncio/"
*asyincio*,"Potential typo squatting, variations of asyncio","https://pypi.org/project/asyncio/"
*asyncci*,"Potential typo squatting, variations of asyncio","https://pypi.org/project/asyncio/"
*asynccio*,"Potential typo squatting, variations of asyncio","https://pypi.org/project/asyncio/"
*asynci*,"Potential typo squatting, variations of asyncio","https://pypi.org/project/asyncio/"
*asyncii*,"Potential typo squatting, variations of asyncio","https://pypi.org/project/asyncio/"
*asynciio*,"Potential typo squatting, variations of asyncio","https://pypi.org/project/asyncio/"
*asyncioi*,"Potential typo squatting, variations of asyncio","https://pypi.org/project/asyncio/"
*asyncioo*,"Potential typo squatting, variations of asyncio","https://pypi.org/project/asyncio/"
*asynciooo*,"Potential typo squatting, variations of asyncio","https://pypi.org/project/asyncio/"
*asynio*,"Potential typo squatting, variations of asyncio","https://pypi.org/project/asyncio/"
*asynncio*,"Potential typo squatting, variations of asyncio","https://pypi.org/project/asyncio/"
*asyyncio*,"Potential typo squatting, variations of asyncio","https://pypi.org/project/asyncio/"
*aysncio*,"Potential typo squatting, variations of asyncio","https://pypi.org/project/asyncio/"
*beaitifulsoop*,"Potential typo squatting, variations of beautifulsoup","https://pypi.org/project/BeautifulSoup/"
*beaitifulsoup*,"Potential typo squatting, variations of beautifulsoup","https://pypi.org/project/BeautifulSoup/"
*beaotifulsoup*,"Potential typo squatting, variations of beautifulsoup","https://pypi.org/project/BeautifulSoup/"
*beaufifulsoup*,"Potential typo squatting, variations of beautifulsoup","https://pypi.org/project/BeautifulSoup/"
*beaurifulsoup*,"Potential typo squatting, variations of beautifulsoup","https://pypi.org/project/BeautifulSoup/"
*beautifilsoop*,"Potential typo squatting, variations of beautifulsoup","https://pypi.org/project/BeautifulSoup/"
*beautifilsoup*,"Potential typo squatting, variations of beautifulsoup","https://pypi.org/project/BeautifulSoup/"
*beautiflulsoop*,"Potential typo squatting, variations of beautifulsoup","https://pypi.org/project/BeautifulSoup/"
*beautiflulsoup*,"Potential typo squatting, variations of beautifulsoup","https://pypi.org/project/BeautifulSoup/"
*beautifolsoup*,"Potential typo squatting, variations of beautifulsoup","https://pypi.org/project/BeautifulSoup/"
*beautifoulsoup*,"Potential typo squatting, variations of beautifulsoup","https://pypi.org/project/BeautifulSoup/"
*beautifuklsoup*,"Potential typo squatting, variations of beautifulsoup","https://pypi.org/project/BeautifulSoup/"
*beautifuksoup*,"Potential typo squatting, variations of beautifulsoup","https://pypi.org/project/BeautifulSoup/"
*beautifullsoop*,"Potential typo squatting, variations of beautifulsoup","https://pypi.org/project/BeautifulSoup/"
*beautifullsooup*,"Potential typo squatting, variations of beautifulsoup","https://pypi.org/project/BeautifulSoup/"
*beautifulsoop*,"Potential typo squatting, variations of beautifulsoup","https://pypi.org/project/BeautifulSoup/"
*beautifulsoul*,"Potential typo squatting, variations of beautifulsoup","https://pypi.org/project/BeautifulSoup/"
*beautifulsoupe*,"Potential typo squatting, variations of beautifulsoup","https://pypi.org/project/BeautifulSoup/"
*beautifulsoupo*,"Potential typo squatting, variations of beautifulsoup","https://pypi.org/project/BeautifulSoup/"
*beautifuosoup*,"Potential typo squatting, variations of beautifulsoup","https://pypi.org/project/BeautifulSoup/"
*beautilfulsoup*,"Potential typo squatting, variations of beautifulsoup","https://pypi.org/project/BeautifulSoup/"
*beautyfulsoup*,"Potential typo squatting, variations of beautifulsoup","https://pypi.org/project/BeautifulSoup/"
*beautysoup*,"Potential typo squatting, variations of beautifulsoup","https://pypi.org/project/BeautifulSoup/"
*beuatiflsoup*,"Potential typo squatting, variations of beautifulsoup","https://pypi.org/project/BeautifulSoup/"
*beutifullsoup*,"Potential typo squatting, variations of beautifulsoup","https://pypi.org/project/BeautifulSoup/"
*beutifulsoop*,"Potential typo squatting, variations of beautifulsoup","https://pypi.org/project/BeautifulSoup/"
*bibp-utils*,"Potential typo squatting, variations of bip-utils","https://pypi.org/project/bip-utils/"
*biip-utils*,"Potential typo squatting, variations of bip-utils","https://pypi.org/project/bip-utils/"
*bip-u8ls*,"Potential typo squatting, variations of bip-utils","https://pypi.org/project/bip-utils/"
*bip-uils*,"Potential typo squatting, variations of bip-utils","https://pypi.org/project/bip-utils/"
*bip-uitls*,"Potential typo squatting, variations of bip-utils","https://pypi.org/project/bip-utils/"
*bip-util*,"Potential typo squatting, variations of bip-utils","https://pypi.org/project/bip-utils/"
*bip-utilds*,"Potential typo squatting, variations of bip-utils","https://pypi.org/project/bip-utils/"
*bip-utile*,"Potential typo squatting, variations of bip-utils","https://pypi.org/project/bip-utils/"
*bip-utiles*,"Potential typo squatting, variations of bip-utils","https://pypi.org/project/bip-utils/"
*bip-utilos*,"Potential typo squatting, variations of bip-utils","https://pypi.org/project/bip-utils/"
*bip-utilss*,"Potential typo squatting, variations of bip-utils","https://pypi.org/project/bip-utils/"
*bip-utilz*,"Potential typo squatting, variations of bip-utils","https://pypi.org/project/bip-utils/"
*bip-utisl*,"Potential typo squatting, variations of bip-utils","https://pypi.org/project/bip-utils/"
*bip-utjls*,"Potential typo squatting, variations of bip-utils","https://pypi.org/project/bip-utils/"
*bip-utlils*,"Potential typo squatting, variations of bip-utils","https://pypi.org/project/bip-utils/"
*bip-uttils*,"Potential typo squatting, variations of bip-utils","https://pypi.org/project/bip-utils/"
*bip-uutils*,"Potential typo squatting, variations of bip-utils","https://pypi.org/project/bip-utils/"
*bipp-utils*,"Potential typo squatting, variations of bip-utils","https://pypi.org/project/bip-utils/"
*bips-utils*,"Potential typo squatting, variations of bip-utils","https://pypi.org/project/bip-utils/"
*biup-utils*,"Potential typo squatting, variations of bip-utils","https://pypi.org/project/bip-utils/"
*bop-utils*,"Potential typo squatting, variations of bip-utils","https://pypi.org/project/bip-utils/"
*bpi-utils*,"Potential typo squatting, variations of bip-utils","https://pypi.org/project/bip-utils/"
*bup-utils*,"Potential typo squatting, variations of bip-utils","https://pypi.org/project/bip-utils/"
*bupi-utils*,"Potential typo squatting, variations of bip-utils","https://pypi.org/project/bip-utils/"
*capmoneercloudclient*,"Potential typo squatting, variations of capmonstercloudclient","https://pypi.org/project/capmonstercloudclient/"
*capmonsstercloudcliennt*,"Potential typo squatting, variations of capmonstercloudclient","https://pypi.org/project/capmonstercloudclient/"
*capmonsstercloudclient*,"Potential typo squatting, variations of capmonstercloudclient","https://pypi.org/project/capmonstercloudclient/"
*capmonsterccloudclient*,"Potential typo squatting, variations of capmonstercloudclient","https://pypi.org/project/capmonstercloudclient/"
*capmonsterclouclient*,"Potential typo squatting, variations of capmonstercloudclient","https://pypi.org/project/capmonstercloudclient/"
*capmonstercloudclenet*,"Potential typo squatting, variations of capmonstercloudclient","https://pypi.org/project/capmonstercloudclient/"
*capmonstercloudclenit*,"Potential typo squatting, variations of capmonstercloudclient","https://pypi.org/project/capmonstercloudclient/"
*capmonstercloudclent*,"Potential typo squatting, variations of capmonstercloudclient","https://pypi.org/project/capmonstercloudclient/"
*capmonstercloudcliant*,"Potential typo squatting, variations of capmonstercloudclient","https://pypi.org/project/capmonstercloudclient/"
*capmonstercloudclieent*,"Potential typo squatting, variations of capmonstercloudclient","https://pypi.org/project/capmonstercloudclient/"
*capmonstercloudclieet*,"Potential typo squatting, variations of capmonstercloudclient","https://pypi.org/project/capmonstercloudclient/"
*capmonstercloudclien*,"Potential typo squatting, variations of capmonstercloudclient","https://pypi.org/project/capmonstercloudclient/"
*capmonstercloudcliend*,"Potential typo squatting, variations of capmonstercloudclient","https://pypi.org/project/capmonstercloudclient/"
*capmonstercloudcliendt*,"Potential typo squatting, variations of capmonstercloudclient","https://pypi.org/project/capmonstercloudclient/"
*capmonstercloudclienet*,"Potential typo squatting, variations of capmonstercloudclient","https://pypi.org/project/capmonstercloudclient/"
*capmonstercloudcliennt*,"Potential typo squatting, variations of capmonstercloudclient","https://pypi.org/project/capmonstercloudclient/"
*capmonstercloudclientt*,"Potential typo squatting, variations of capmonstercloudclient","https://pypi.org/project/capmonstercloudclient/"
*capmonstercloudcliet*,"Potential typo squatting, variations of capmonstercloudclient","https://pypi.org/project/capmonstercloudclient/"
*capmonstercloudcliient*,"Potential typo squatting, variations of capmonstercloudclient","https://pypi.org/project/capmonstercloudclient/"
*capmonstercloudclinent*,"Potential typo squatting, variations of capmonstercloudclient","https://pypi.org/project/capmonstercloudclient/"
*capmonstercloudclinet*,"Potential typo squatting, variations of capmonstercloudclient","https://pypi.org/project/capmonstercloudclient/"
*capmonstercloudclouidclient*,"Potential typo squatting, variations of capmonstercloudclient","https://pypi.org/project/capmonstercloudclient/"
*capmonstercloudcluodclient*,"Potential typo squatting, variations of capmonstercloudclient","https://pypi.org/project/capmonstercloudclient/"
*capmonsterclouddclient*,"Potential typo squatting, variations of capmonstercloudclient","https://pypi.org/project/capmonstercloudclient/"
*capmonsterclouddlient*,"Potential typo squatting, variations of capmonstercloudclient","https://pypi.org/project/capmonstercloudclient/"
*capmonsterclouidclient*,"Potential typo squatting, variations of capmonstercloudclient","https://pypi.org/project/capmonstercloudclient/"
*capmonsterclouudclient*,"Potential typo squatting, variations of capmonstercloudclient","https://pypi.org/project/capmonstercloudclient/"
*capmonstercludclient*,"Potential typo squatting, variations of capmonstercloudclient","https://pypi.org/project/capmonstercloudclient/"
*capmonstercoudclient*,"Potential typo squatting, variations of capmonstercloudclient","https://pypi.org/project/capmonstercloudclient/"
*capmonstercouldclient*,"Potential typo squatting, variations of capmonstercloudclient","https://pypi.org/project/capmonstercloudclient/"
*capmonsterrcloudclient*,"Potential typo squatting, variations of capmonstercloudclient","https://pypi.org/project/capmonstercloudclient/"
*capmosterclouclient*,"Potential typo squatting, variations of capmonstercloudclient","https://pypi.org/project/capmonstercloudclient/"
*capmostercloudclieent*,"Potential typo squatting, variations of capmonstercloudclient","https://pypi.org/project/capmonstercloudclient/"
*capmostercloudclienet*,"Potential typo squatting, variations of capmonstercloudclient","https://pypi.org/project/capmonstercloudclient/"
*capmostercloudclient*,"Potential typo squatting, variations of capmonstercloudclient","https://pypi.org/project/capmonstercloudclient/"
*capmostercloudclinet*,"Potential typo squatting, variations of capmonstercloudclient","https://pypi.org/project/capmonstercloudclient/"
*cilorama*,"Potential typo squatting, variations of colorama","https://pypi.org/project/colorama/"
*clolorama*,"Potential typo squatting, variations of colorama","https://pypi.org/project/colorama/"
*cloroma*,"Potential typo squatting, variations of colorama","https://pypi.org/project/colorama/"
*colaroma*,"Potential typo squatting, variations of colorama","https://pypi.org/project/colorama/"
*colomara*,"Potential typo squatting, variations of colorama","https://pypi.org/project/colorama/"
*colorahma*,"Potential typo squatting, variations of colorama","https://pypi.org/project/colorama/"
*coloramae*,"Potential typo squatting, variations of colorama","https://pypi.org/project/colorama/"
*coloramah*,"Potential typo squatting, variations of colorama","https://pypi.org/project/colorama/"
*coloramal*,"Potential typo squatting, variations of colorama","https://pypi.org/project/colorama/"
*coloramaz*,"Potential typo squatting, variations of colorama","https://pypi.org/project/colorama/"
*colorame*,"Potential typo squatting, variations of colorama","https://pypi.org/project/colorama/"
*coloramia*,"Potential typo squatting, variations of colorama","https://pypi.org/project/colorama/"
*coloramka*,"Potential typo squatting, variations of colorama","https://pypi.org/project/colorama/"
*coloramna*,"Potential typo squatting, variations of colorama","https://pypi.org/project/colorama/"
*coloramo*,"Potential typo squatting, variations of colorama","https://pypi.org/project/colorama/"
*coloramoo*,"Potential typo squatting, variations of colorama","https://pypi.org/project/colorama/"
*coloramqa*,"Potential typo squatting, variations of colorama","https://pypi.org/project/colorama/"
*coloramqs*,"Potential typo squatting, variations of colorama","https://pypi.org/project/colorama/"
*coloramu*,"Potential typo squatting, variations of colorama","https://pypi.org/project/colorama/"
*coloramwa*,"Potential typo squatting, variations of colorama","https://pypi.org/project/colorama/"
*coloramws*,"Potential typo squatting, variations of colorama","https://pypi.org/project/colorama/"
*coloramxa*,"Potential typo squatting, variations of colorama","https://pypi.org/project/colorama/"
*coloramxs*,"Potential typo squatting, variations of colorama","https://pypi.org/project/colorama/"
*coloramza*,"Potential typo squatting, variations of colorama","https://pypi.org/project/colorama/"
*coloramzs*,"Potential typo squatting, variations of colorama","https://pypi.org/project/colorama/"
*colorayma*,"Potential typo squatting, variations of colorama","https://pypi.org/project/colorama/"
*colorhrama*,"Potential typo squatting, variations of colorama","https://pypi.org/project/colorama/"
*colorm*,"Potential typo squatting, variations of colorama","https://pypi.org/project/colorama/"
*colormma*,"Potential typo squatting, variations of colorama","https://pypi.org/project/colorama/"
*coloroama*,"Potential typo squatting, variations of colorama","https://pypi.org/project/colorama/"
*colorram*,"Potential typo squatting, variations of colorama","https://pypi.org/project/colorama/"
*colorramma*,"Potential typo squatting, variations of colorama","https://pypi.org/project/colorama/"
*colouorama*,"Potential typo squatting, variations of colorama","https://pypi.org/project/colorama/"
*colprama*,"Potential typo squatting, variations of colorama","https://pypi.org/project/colorama/"
*corlorama*,"Potential typo squatting, variations of colorama","https://pypi.org/project/colorama/"
*cstmotkinter*,"Potential typo squatting, variations of customtkinter","https://pypi.org/project/customtkinter/"
*cuatomtkinter*,"Potential typo squatting, variations of customtkinter","https://pypi.org/project/customtkinter/"
*cusgtomtkinter*,"Potential typo squatting, variations of customtkinter","https://pypi.org/project/customtkinter/"
*cusromtkinter*,"Potential typo squatting, variations of customtkinter","https://pypi.org/project/customtkinter/"
*custm*,"Potential typo squatting, variations of customtkinter","https://pypi.org/project/customtkinter/"
*custmtkinter*,"Potential typo squatting, variations of customtkinter","https://pypi.org/project/customtkinter/"
*custmtokinter*,"Potential typo squatting, variations of customtkinter","https://pypi.org/project/customtkinter/"
*custogtkinter*,"Potential typo squatting, variations of customtkinter","https://pypi.org/project/customtkinter/"
*custohtkinter*,"Potential typo squatting, variations of customtkinter","https://pypi.org/project/customtkinter/"
*custojmtkinter*,"Potential typo squatting, variations of customtkinter","https://pypi.org/project/customtkinter/"
*custojtkinter*,"Potential typo squatting, variations of customtkinter","https://pypi.org/project/customtkinter/"
*custoktkinter*,"Potential typo squatting, variations of customtkinter","https://pypi.org/project/customtkinter/"
*customekinter*,"Potential typo squatting, variations of customtkinter","https://pypi.org/project/customtkinter/"
*customkinter*,"Potential typo squatting, variations of customtkinter","https://pypi.org/project/customtkinter/"
*customtikinter*,"Potential typo squatting, variations of customtkinter","https://pypi.org/project/customtkinter/"
*customtiknter*,"Potential typo squatting, variations of customtkinter","https://pypi.org/project/customtkinter/"
*customtinter*,"Potential typo squatting, variations of customtkinter","https://pypi.org/project/customtkinter/"
*customtjinter*,"Potential typo squatting, variations of customtkinter","https://pypi.org/project/customtkinter/"
*customtkfnter*,"Potential typo squatting, variations of customtkinter","https://pypi.org/project/customtkinter/"
*customtkibter*,"Potential typo squatting, variations of customtkinter","https://pypi.org/project/customtkinter/"
*customtkihter*,"Potential typo squatting, variations of customtkinter","https://pypi.org/project/customtkinter/"
*customtkimter*,"Potential typo squatting, variations of customtkinter","https://pypi.org/project/customtkinter/"
*customtkinber*,"Potential typo squatting, variations of customtkinter","https://pypi.org/project/customtkinter/"
*customtkinet*,"Potential typo squatting, variations of customtkinter","https://pypi.org/project/customtkinter/"
*customtkinetr*,"Potential typo squatting, variations of customtkinter","https://pypi.org/project/customtkinter/"
*customtkinger*,"Potential typo squatting, variations of customtkinter","https://pypi.org/project/customtkinter/"
*customtkingter*,"Potential typo squatting, variations of customtkinter","https://pypi.org/project/customtkinter/"
*customtkinrer*,"Potential typo squatting, variations of customtkinter","https://pypi.org/project/customtkinter/"
*customtkintar*,"Potential typo squatting, variations of customtkinter","https://pypi.org/project/customtkinter/"
*customtkinte*,"Potential typo squatting, variations of customtkinter","https://pypi.org/project/customtkinter/"
*customtkinted*,"Potential typo squatting, variations of customtkinter","https://pypi.org/project/customtkinter/"
*customtkinteer*,"Potential typo squatting, variations of customtkinter","https://pypi.org/project/customtkinter/"
*customtkintert*,"Potential typo squatting, variations of customtkinter","https://pypi.org/project/customtkinter/"
*customtkintet*,"Potential typo squatting, variations of customtkinter","https://pypi.org/project/customtkinter/"
*customtkintre*,"Potential typo squatting, variations of customtkinter","https://pypi.org/project/customtkinter/"
*customtkintrer*,"Potential typo squatting, variations of customtkinter","https://pypi.org/project/customtkinter/"
*customtkintrr*,"Potential typo squatting, variations of customtkinter","https://pypi.org/project/customtkinter/"
*customtkintwr*,"Potential typo squatting, variations of customtkinter","https://pypi.org/project/customtkinter/"
*customtkinyer*,"Potential typo squatting, variations of customtkinter","https://pypi.org/project/customtkinter/"
*customtkitenr*,"Potential typo squatting, variations of customtkinter","https://pypi.org/project/customtkinter/"
*customtkiter*,"Potential typo squatting, variations of customtkinter","https://pypi.org/project/customtkinter/"
*customtkitner*,"Potential typo squatting, variations of customtkinter","https://pypi.org/project/customtkinter/"
*customtkitnerr*,"Potential typo squatting, variations of customtkinter","https://pypi.org/project/customtkinter/"
*customtkitnre*,"Potential typo squatting, variations of customtkinter","https://pypi.org/project/customtkinter/"
*customtkiyter*,"Potential typo squatting, variations of customtkinter","https://pypi.org/project/customtkinter/"
*customtkjnter*,"Potential typo squatting, variations of customtkinter","https://pypi.org/project/customtkinter/"
*customtkknter*,"Potential typo squatting, variations of customtkinter","https://pypi.org/project/customtkinter/"
*customtkniter*,"Potential typo squatting, variations of customtkinter","https://pypi.org/project/customtkinter/"
*customtkniterr*,"Potential typo squatting, variations of customtkinter","https://pypi.org/project/customtkinter/"
*customtknster*,"Potential typo squatting, variations of customtkinter","https://pypi.org/project/customtkinter/"
*customtknter*,"Potential typo squatting, variations of customtkinter","https://pypi.org/project/customtkinter/"
*customtkwnter*,"Potential typo squatting, variations of customtkinter","https://pypi.org/project/customtkinter/"
*customtkznter*,"Potential typo squatting, variations of customtkinter","https://pypi.org/project/customtkinter/"
*custontkinter*,"Potential typo squatting, variations of customtkinter","https://pypi.org/project/customtkinter/"
*custoqtkinter*,"Potential typo squatting, variations of customtkinter","https://pypi.org/project/customtkinter/"
*custotinter*,"Potential typo squatting, variations of customtkinter","https://pypi.org/project/customtkinter/"
*custotkinter*,"Potential typo squatting, variations of customtkinter","https://pypi.org/project/customtkinter/"
*custotkminter*,"Potential typo squatting, variations of customtkinter","https://pypi.org/project/customtkinter/"
*custotminter*,"Potential typo squatting, variations of customtkinter","https://pypi.org/project/customtkinter/"
*custoumtkinter*,"Potential typo squatting, variations of customtkinter","https://pypi.org/project/customtkinter/"
*custpmtkinter*,"Potential typo squatting, variations of customtkinter","https://pypi.org/project/customtkinter/"
*custrmtkinter*,"Potential typo squatting, variations of customtkinter","https://pypi.org/project/customtkinter/"
*custumtkinter*,"Potential typo squatting, variations of customtkinter","https://pypi.org/project/customtkinter/"
*custvomtkinter*,"Potential typo squatting, variations of customtkinter","https://pypi.org/project/customtkinter/"
*cutomtkinter*,"Potential typo squatting, variations of customtkinter","https://pypi.org/project/customtkinter/"
*cuwtomtkinter*,"Potential typo squatting, variations of customtkinter","https://pypi.org/project/customtkinter/"
*cuxtomtkinter*,"Potential typo squatting, variations of customtkinter","https://pypi.org/project/customtkinter/"
*maptplotlib*,"Potential typo squatting, variations of matplotlib","https://pypi.org/project/matplotlib/ "
*matplftlib*,"Potential typo squatting, variations of matplotlib","https://pypi.org/project/matplotlib/ "
*matpliotlib*,"Potential typo squatting, variations of matplotlib","https://pypi.org/project/matplotlib/ "
*matplkotlib*,"Potential typo squatting, variations of matplotlib","https://pypi.org/project/matplotlib/ "
*matpllotb*,"Potential typo squatting, variations of matplotlib","https://pypi.org/project/matplotlib/ "
*matpllotib*,"Potential typo squatting, variations of matplotlib","https://pypi.org/project/matplotlib/ "
*matplolplib*,"Potential typo squatting, variations of matplotlib","https://pypi.org/project/matplotlib/ "
*matploltlab*,"Potential typo squatting, variations of matplotlib","https://pypi.org/project/matplotlib/ "
*matploltlib*,"Potential typo squatting, variations of matplotlib","https://pypi.org/project/matplotlib/ "
*matplootib*,"Potential typo squatting, variations of matplotlib","https://pypi.org/project/matplotlib/ "
*matploptlib*,"Potential typo squatting, variations of matplotlib","https://pypi.org/project/matplotlib/ "
*matplorlib*,"Potential typo squatting, variations of matplotlib","https://pypi.org/project/matplotlib/ "
*matplotblib*,"Potential typo squatting, variations of matplotlib","https://pypi.org/project/matplotlib/ "
*matplotib*,"Potential typo squatting, variations of matplotlib","https://pypi.org/project/matplotlib/ "
*matplotkib*,"Potential typo squatting, variations of matplotlib","https://pypi.org/project/matplotlib/ "
*matplotklib*,"Potential typo squatting, variations of matplotlib","https://pypi.org/project/matplotlib/ "
*matplotlbib*,"Potential typo squatting, variations of matplotlib","https://pypi.org/project/matplotlib/ "
*matplotlig*,"Potential typo squatting, variations of matplotlib","https://pypi.org/project/matplotlib/ "
*matplotllib*,"Potential typo squatting, variations of matplotlib","https://pypi.org/project/matplotlib/ "
*matplotlob*,"Potential typo squatting, variations of matplotlib","https://pypi.org/project/matplotlib/ "
*matplotlpib*,"Potential typo squatting, variations of matplotlib","https://pypi.org/project/matplotlib/ "
*matplotlr*,"Potential typo squatting, variations of matplotlib","https://pypi.org/project/matplotlib/ "
*matplotltib*,"Potential typo squatting, variations of matplotlib","https://pypi.org/project/matplotlib/ "
*matplotlub*,"Potential typo squatting, variations of matplotlib","https://pypi.org/project/matplotlib/ "
*matplotlyib*,"Potential typo squatting, variations of matplotlib","https://pypi.org/project/matplotlib/ "
*matplotoib*,"Potential typo squatting, variations of matplotlib","https://pypi.org/project/matplotlib/ "
*matplotpib*,"Potential typo squatting, variations of matplotlib","https://pypi.org/project/matplotlib/ "
*matplottbib*,"Potential typo squatting, variations of matplotlib","https://pypi.org/project/matplotlib/ "
*matplottib*,"Potential typo squatting, variations of matplotlib","https://pypi.org/project/matplotlib/ "
*matplottlab*,"Potential typo squatting, variations of matplotlib","https://pypi.org/project/matplotlib/ "
*matplotvib*,"Potential typo squatting, variations of matplotlib","https://pypi.org/project/matplotlib/ "
*matplotvlib*,"Potential typo squatting, variations of matplotlib","https://pypi.org/project/matplotlib/ "
*matplptlib*,"Potential typo squatting, variations of matplotlib","https://pypi.org/project/matplotlib/ "
*matplrtib*,"Potential typo squatting, variations of matplotlib","https://pypi.org/project/matplotlib/ "
*matplrtlib*,"Potential typo squatting, variations of matplotlib","https://pypi.org/project/matplotlib/ "
*matpltotlib*,"Potential typo squatting, variations of matplotlib","https://pypi.org/project/matplotlib/ "
*matplttlib*,"Potential typo squatting, variations of matplotlib","https://pypi.org/project/matplotlib/ "
*matplutlib*,"Potential typo squatting, variations of matplotlib","https://pypi.org/project/matplotlib/ "
*oillow*,"Potential typo squatting, variations of pillow","https://pypi.org/project/pillow/"
*p-cord*,"Potential typo squatting, variations of pillow","https://pypi.org/project/pillow/"
*p8llow*,"Potential typo squatting, variations of pillow","https://pypi.org/project/pillow/"
*p9llow*,"Potential typo squatting, variations of pillow","https://pypi.org/project/pillow/"
*pi-cord*,"Potential typo squatting, variations of pillow","https://pypi.org/project/pillow/"
*pilkow*,"Potential typo squatting, variations of pillow","https://pypi.org/project/pillow/"
*pill9w*,"Potential typo squatting, variations of pillow","https://pypi.org/project/pillow/"
*pilliow*,"Potential typo squatting, variations of pillow","https://pypi.org/project/pillow/"
*pilliw*,"Potential typo squatting, variations of pillow","https://pypi.org/project/pillow/"
*pillkw*,"Potential typo squatting, variations of pillow","https://pypi.org/project/pillow/"
*pillo2*,"Potential typo squatting, variations of pillow","https://pypi.org/project/pillow/"
*pilloa*,"Potential typo squatting, variations of pillow","https://pypi.org/project/pillow/"
*pilloo*,"Potential typo squatting, variations of pillow","https://pypi.org/project/pillow/"
*pilloq*,"Potential typo squatting, variations of pillow","https://pypi.org/project/pillow/"
*pillox*,"Potential typo squatting, variations of pillow","https://pypi.org/project/pillow/"
*pilpow*,"Potential typo squatting, variations of pillow","https://pypi.org/project/pillow/"
*piolow*,"Potential typo squatting, variations of pillow","https://pypi.org/project/pillow/"
*piplow*,"Potential typo squatting, variations of pillow","https://pypi.org/project/pillow/"
*pirlow*,"Potential typo squatting, variations of pillow","https://pypi.org/project/pillow/"
*pjllow*,"Potential typo squatting, variations of pillow","https://pypi.org/project/pillow/"
*plaawright*,"Potential typo squatting, variations of playwright","https://pypi.org/project/playwright/ "
*plauwright*,"Potential typo squatting, variations of playwright","https://pypi.org/project/playwright/"
*plawwright*,"Potential typo squatting, variations of playwright","https://pypi.org/project/playwright/"
*plawyright*,"Potential typo squatting, variations of playwright","https://pypi.org/project/playwright/"
*playrwight*,"Potential typo squatting, variations of playwright","https://pypi.org/project/playwright/"
*playwirght*,"Potential typo squatting, variations of playwright","https://pypi.org/project/playwright/"
*playwrght*,"Potential typo squatting, variations of playwright","https://pypi.org/project/playwright/"
*playwrgiht*,"Potential typo squatting, variations of playwright","https://pypi.org/project/playwright/"
*playwrgith*,"Potential typo squatting, variations of playwright","https://pypi.org/project/playwright/"
*playwrigght*,"Potential typo squatting, variations of playwright","https://pypi.org/project/playwright/"
*playwrigh*,"Potential typo squatting, variations of playwright","https://pypi.org/project/playwright/"
*playwrightt*,"Potential typo squatting, variations of playwright","https://pypi.org/project/playwright/"
*playwrigth*,"Potential typo squatting, variations of playwright","https://pypi.org/project/playwright/"
*playwrihgt*,"Potential typo squatting, variations of playwright","https://pypi.org/project/playwright/"
*playwritgh*,"Potential typo squatting, variations of playwright","https://pypi.org/project/playwright/"
*plyawright*,"Potential typo squatting, variations of playwright","https://pypi.org/project/playwright/"
*plywright*,"Potential typo squatting, variations of playwright","https://pypi.org/project/playwright/"
*pollow*,"Potential typo squatting, variations of pillow","https://pypi.org/project/pillow/"
*pqtorch*,"Potential typo squatting, variations of pytorch","https://pypi.org/project/pytorch/"
*pttorch*,"Potential typo squatting, variations of pytorch","https://pypi.org/project/pytorch/"
*pullow*,"Potential typo squatting, variations of pillow","https://pypi.org/project/pillow/"
*py-c0ard*,"Potential typo squatting, variations of py-cord","https://pypi.org/project/py-cord/"
*py-c0crd*,"Potential typo squatting, variations of py-cord","https://pypi.org/project/py-cord/"
*py-c0dd*,"Potential typo squatting, variations of py-cord","https://pypi.org/project/py-cord/"
*py-c0red*,"Potential typo squatting, variations of py-cord","https://pypi.org/project/py-cord/"
*py-c9rd*,"Potential typo squatting, variations of py-cord","https://pypi.org/project/py-cord/"
*py-cdord*,"Potential typo squatting, variations of py-cord","https://pypi.org/project/py-cord/"
*py-cird*,"Potential typo squatting, variations of py-cord","https://pypi.org/project/py-cord/"
*py-ckord*,"Potential typo squatting, variations of py-cord","https://pypi.org/project/py-cord/"
*py-ckrd*,"Potential typo squatting, variations of py-cord","https://pypi.org/project/py-cord/"
*py-co4d*,"Potential typo squatting, variations of py-cord","https://pypi.org/project/py-cord/"
*py-coad*,"Potential typo squatting, variations of py-cord","https://pypi.org/project/py-cord/"
*py-cobrd*,"Potential typo squatting, variations of py-cord","https://pypi.org/project/py-cord/"
*py-cocd*,"Potential typo squatting, variations of py-cord","https://pypi.org/project/py-cord/"
*py-cod*,"Potential typo squatting, variations of py-cord","https://pypi.org/project/py-cord/"
*py-codrd*,"Potential typo squatting, variations of py-cord","https://pypi.org/project/py-cord/"
*py-coed*,"Potential typo squatting, variations of py-cord","https://pypi.org/project/py-cord/"
*py-coerd*,"Potential typo squatting, variations of py-cord","https://pypi.org/project/py-cord/"
*py-cofd*,"Potential typo squatting, variations of py-cord","https://pypi.org/project/py-cord/"
*py-cofrd*,"Potential typo squatting, variations of py-cord","https://pypi.org/project/py-cord/"
*py-coird*,"Potential typo squatting, variations of py-cord","https://pypi.org/project/py-cord/"
*py-cojrd*,"Potential typo squatting, variations of py-cord","https://pypi.org/project/py-cord/"
*py-coordd*,"Potential typo squatting, variations of py-cord","https://pypi.org/project/py-cord/"
*py-coqrd*,"Potential typo squatting, variations of py-cord","https://pypi.org/project/py-cord/"
*py-corad*,"Potential typo squatting, variations of py-cord","https://pypi.org/project/py-cord/"
*py-cordd*,"Potential typo squatting, variations of py-cord","https://pypi.org/project/py-cord/"
*py-corddd*,"Potential typo squatting, variations of py-cord","https://pypi.org/project/py-cord/"
*py-corde*,"Potential typo squatting, variations of py-cord","https://pypi.org/project/py-cord/"
*py-cordf*,"Potential typo squatting, variations of py-cord","https://pypi.org/project/py-cord/"
*py-cordq*,"Potential typo squatting, variations of py-cord","https://pypi.org/project/py-cord/"
*py-cordr*,"Potential typo squatting, variations of py-cord","https://pypi.org/project/py-cord/"
*py-cordv*,"Potential typo squatting, variations of py-cord","https://pypi.org/project/py-cord/"
*py-cordw*,"Potential typo squatting, variations of py-cord","https://pypi.org/project/py-cord/"
*py-cordx*,"Potential typo squatting, variations of py-cord","https://pypi.org/project/py-cord/"
*py-corf*,"Potential typo squatting, variations of py-cord","https://pypi.org/project/py-cord/"
*py-corfd*,"Potential typo squatting, variations of py-cord","https://pypi.org/project/py-cord/"
*py-corg*,"Potential typo squatting, variations of py-cord","https://pypi.org/project/py-cord/"
*py-corid*,"Potential typo squatting, variations of py-cord","https://pypi.org/project/py-cord/"
*py-corrd*,"Potential typo squatting, variations of py-cord","https://pypi.org/project/py-cord/"
*py-cortd*,"Potential typo squatting, variations of py-cord","https://pypi.org/project/py-cord/"
*py-corwd*,"Potential typo squatting, variations of py-cord","https://pypi.org/project/py-cord/"
*py-corx*,"Potential typo squatting, variations of py-cord","https://pypi.org/project/py-cord/"
*py-corxd*,"Potential typo squatting, variations of py-cord","https://pypi.org/project/py-cord/"
*py-cotd*,"Potential typo squatting, variations of py-cord","https://pypi.org/project/py-cord/"
*py-cotrd*,"Potential typo squatting, variations of py-cord","https://pypi.org/project/py-cord/"
*py-cowrd*,"Potential typo squatting, variations of py-cord","https://pypi.org/project/py-cord/"
*py-cozd*,"Potential typo squatting, variations of py-cord","https://pypi.org/project/py-cord/"
*py-cpord*,"Potential typo squatting, variations of py-cord","https://pypi.org/project/py-cord/"
*py-cprd*,"Potential typo squatting, variations of py-cord","https://pypi.org/project/py-cord/"
*py-crd*,"Potential typo squatting, variations of py-cord","https://pypi.org/project/py-cord/"
*py-crodd*,"Potential typo squatting, variations of py-cord","https://pypi.org/project/py-cord/"
*py-cwrd*,"Potential typo squatting, variations of py-cord","https://pypi.org/project/py-cord/"
*py-cxrd*,"Potential typo squatting, variations of py-cord","https://pypi.org/project/py-cord/"
*py-cyrd*,"Potential typo squatting, variations of py-cord","https://pypi.org/project/py-cord/"
*py-czrd*,"Potential typo squatting, variations of py-cord","https://pypi.org/project/py-cord/"
*py-vord*,"Potential typo squatting, variations of py-cord","https://pypi.org/project/py-cord/"
*py-xord*,"Potential typo squatting, variations of py-cord","https://pypi.org/project/py-cord/"
*pycjrd*,"Potential typo squatting, variations of py-cord","https://pypi.org/project/py-cord/"
*pycordde*,"Potential typo squatting, variations of py-cord","https://pypi.org/project/py-cord/"
*pycordwd*,"Potential typo squatting, variations of py-cord","https://pypi.org/project/py-cord/"
*pygacme*,"Potential typo squatting, variations of pygame","https://pypi.org/project/pygame/"
*pygaeme*,"Potential typo squatting, variations of pygame","https://pypi.org/project/pygame/"
*pygaime*,"Potential typo squatting, variations of pygame","https://pypi.org/project/pygame/"
*pygamke*,"Potential typo squatting, variations of pygame","https://pypi.org/project/pygame/"
*pygamm*,"Potential typo squatting, variations of pygame","https://pypi.org/project/pygame/"
*pygamne*,"Potential typo squatting, variations of pygame","https://pypi.org/project/pygame/"
*pygamr*,"Potential typo squatting, variations of pygame","https://pypi.org/project/pygame/"
*pygamse*,"Potential typo squatting, variations of pygame","https://pypi.org/project/pygame/"
*pygamw*,"Potential typo squatting, variations of pygame","https://pypi.org/project/pygame/"
*pygane*,"Potential typo squatting, variations of pygame","https://pypi.org/project/pygame/"
*pygaome*,"Potential typo squatting, variations of pygame","https://pypi.org/project/pygame/"
*pygaqme*,"Potential typo squatting, variations of pygame","https://pypi.org/project/pygame/"
*pygarme*,"Potential typo squatting, variations of pygame","https://pypi.org/project/pygame/"
*pygawme*,"Potential typo squatting, variations of pygame","https://pypi.org/project/pygame/"
*pygazme*,"Potential typo squatting, variations of pygame","https://pypi.org/project/pygame/"
*pygfame*,"Potential typo squatting, variations of pygame","https://pypi.org/project/pygame/"
*pygfme*,"Potential typo squatting, variations of pygame","https://pypi.org/project/pygame/"
*pyghame*,"Potential typo squatting, variations of pygame","https://pypi.org/project/pygame/"
*pygmme*,"Potential typo squatting, variations of pygame","https://pypi.org/project/pygame/"
*pygqame*,"Potential typo squatting, variations of pygame","https://pypi.org/project/pygame/"
*pygqme*,"Potential typo squatting, variations of pygame","https://pypi.org/project/pygame/"
*pygume*,"Potential typo squatting, variations of pygame","https://pypi.org/project/pygame/"
*pygvame*,"Potential typo squatting, variations of pygame","https://pypi.org/project/pygame/"
*pygxme*,"Potential typo squatting, variations of pygame","https://pypi.org/project/pygame/"
*pygzme*,"Potential typo squatting, variations of pygame","https://pypi.org/project/pygame/"
*pzgame*,"Potential typo squatting, variations of pygame","https://pypi.org/project/pygame/"
*pytarch*,"Potential typo squatting, variations of pytorch","https://pypi.org/project/pytorch/"
*pytbrch*,"Potential typo squatting, variations of pytorch","https://pypi.org/project/pytorch/"
*pytcrch*,"Potential typo squatting, variations of pytorch","https://pypi.org/project/pytorch/"
*pythrch*,"Potential typo squatting, variations of pytorch","https://pypi.org/project/pytorch/"
*pytirch*,"Potential typo squatting, variations of pytorch","https://pypi.org/project/pytorch/"
*pytlrc*,"Potential typo squatting, variations of pytorch","https://pypi.org/project/pytorch/"
*pytoich*,"Potential typo squatting, variations of pytorch","https://pypi.org/project/pytorch/"
*pytorbch*,"Potential typo squatting, variations of pytorch","https://pypi.org/project/pytorch/"
*pytorcb*,"Potential typo squatting, variations of pytorch","https://pypi.org/project/pytorch/"
*pytorcdh*,"Potential typo squatting, variations of pytorch","https://pypi.org/project/pytorch/"
*pytorchb*,"Potential typo squatting, variations of pytorch","https://pypi.org/project/pytorch/"
*pytorchc*,"Potential typo squatting, variations of pytorch","https://pypi.org/project/pytorch/"
*pytorchg*,"Potential typo squatting, variations of pytorch","https://pypi.org/project/pytorch/"
*pytorchj*,"Potential typo squatting, variations of pytorch","https://pypi.org/project/pytorch/"
*pytorchv*,"Potential typo squatting, variations of pytorch","https://pypi.org/project/pytorch/"
*pytorchy*,"Potential typo squatting, variations of pytorch","https://pypi.org/project/pytorch/"
*pytorcm*,"Potential typo squatting, variations of pytorch","https://pypi.org/project/pytorch/"
*pytorcu*,"Potential typo squatting, variations of pytorch","https://pypi.org/project/pytorch/"
*pytordh*,"Potential typo squatting, variations of pytorch","https://pypi.org/project/pytorch/"
*pytorqh*,"Potential typo squatting, variations of pytorch","https://pypi.org/project/pytorch/"
*pytprch*,"Potential typo squatting, variations of pytorch","https://pypi.org/project/pytorch/"
*pytroce*,"Potential typo squatting, variations of pytorch","https://pypi.org/project/pytorch/"
*pytrosh*,"Potential typo squatting, variations of pytorch","https://pypi.org/project/pytorch/"
*pztorch*,"Potential typo squatting, variations of pytorch","https://pypi.org/project/pytorch/"
*rensoflow*,"Potential typo squatting, variations of tensorflow","https://pypi.org/project/tensorflow/"
*reqeist*,"Potential typo squatting, variations of requests","https://pypi.org/project/requests/"
*reqeosts*,"Potential typo squatting, variations of requests","https://pypi.org/project/requests/"
*reqeuste*,"Potential typo squatting, variations of requests","https://pypi.org/project/requests/"
*reqeustx*,"Potential typo squatting, variations of requests","https://pypi.org/project/requests/"
*reqeustz*,"Potential typo squatting, variations of requests","https://pypi.org/project/requests/"
*reqeyst*,"Potential typo squatting, variations of requests","https://pypi.org/project/requests/"
*reqirements*,"Potential typo squatting, variations of the file requirements.txt","N/A"
*reqiremnets*,"Potential typo squatting, variations of the file requirements.txt","N/A"
*reqiremnts*,"Potential typo squatting, variations of the file requirements.txt","N/A"
*reqiurements*,"Potential typo squatting, variations of the file requirements.txt","N/A"
*reqiurementstxt*,"Potential typo squatting, variations of the file requirements.txt","N/A"
*reqiuremnets*,"Potential typo squatting, variations of the file requirements.txt","N/A"
*reqjuests*,"Potential typo squatting, variations of requests","https://pypi.org/project/requests/"
*reqoests*,"Potential typo squatting, variations of requests","https://pypi.org/project/requests/"
*reqquest*,"Potential typo squatting, variations of requests","https://pypi.org/project/requests/"
*reqsests*,"Potential typo squatting, variations of requests","https://pypi.org/project/requests/"
*requas*,"Potential typo squatting, variations of requests","https://pypi.org/project/requests/"
*requeits*,"Potential typo squatting, variations of requests","https://pypi.org/project/requests/"
*requeksts*,"Potential typo squatting, variations of requests","https://pypi.org/project/requests/"
*requekts*,"Potential typo squatting, variations of requests","https://pypi.org/project/requests/"
*requeqsts*,"Potential typo squatting, variations of requests","https://pypi.org/project/requests/"
*requesgt*,"Potential typo squatting, variations of requests","https://pypi.org/project/requests/"
*requesks*,"Potential typo squatting, variations of requests","https://pypi.org/project/requests/"
*requesqs*,"Potential typo squatting, variations of requests","https://pypi.org/project/requests/"
*requesrts*,"Potential typo squatting, variations of requests","https://pypi.org/project/requests/"
*requestr*,"Potential typo squatting, variations of requests","https://pypi.org/project/requests/"
*requesuts*,"Potential typo squatting, variations of requests","https://pypi.org/project/requests/"
*requesxs*,"Potential typo squatting, variations of requests","https://pypi.org/project/requests/"
*requesxt*,"Potential typo squatting, variations of requests","https://pypi.org/project/requests/"
*requesxts*,"Potential typo squatting, variations of requests","https://pypi.org/project/requests/"
*requetsa*,"Potential typo squatting, variations of requests","https://pypi.org/project/requests/"
*requetsq*,"Potential typo squatting, variations of requests","https://pypi.org/project/requests/"
*requetsts*,"Potential typo squatting, variations of requests","https://pypi.org/project/requests/"
*requewsts*,"Potential typo squatting, variations of requests","https://pypi.org/project/requests/"
*requiements*,"Potential typo squatting, variations of the file requirements.txt","N/A"
*requierement*,"Potential typo squatting, variations of the file requirements.txt","N/A"
*requierments*,"Potential typo squatting, variations of the file requirements.txt","N/A"
*requiirements*,"Potential typo squatting, variations of the file requirements.txt","N/A"
*requiirementstx*,"Potential typo squatting, variations of the file requirements.txt","N/A"
*requiirementstxt*,"Potential typo squatting, variations of the file requirements.txt","N/A"
*requiirementsxt*,"Potential typo squatting, variations of the file requirements.txt","N/A"
*requiiremments*,"Potential typo squatting, variations of the file requirements.txt","N/A"
*requiiremnts*,"Potential typo squatting, variations of the file requirements.txt","N/A"
*requiirments*,"Potential typo squatting, variations of the file requirements.txt","N/A"
*requiremants*,"Potential typo squatting, variations of the file requirements.txt","N/A"
*requiremeents*,"Potential typo squatting, variations of the file requirements.txt","N/A"
*requiremenstx*,"Potential typo squatting, variations of the file requirements.txt","N/A"
*requiremenstxt*,"Potential typo squatting, variations of the file requirements.txt","N/A"
*requirementss*,"Potential typo squatting, variations of the file requirements.txt","N/A"
*requirementst*,"Potential typo squatting, variations of the file requirements.txt","N/A"
*requirementstt*,"Potential typo squatting, variations of the file requirements.txt","N/A"
*requirementsttx*,"Potential typo squatting, variations of the file requirements.txt","N/A"
*requirementstx*,"Potential typo squatting, variations of the file requirements.txt","N/A"
*requirementstxtt*,"Potential typo squatting, variations of the file requirements.txt","N/A"
*requirementstxtx*,"Potential typo squatting, variations of the file requirements.txt","N/A"
*requirementstxtxt*,"Potential typo squatting, variations of the file requirements.txt","N/A"
*requirementstxx*,"Potential typo squatting, variations of the file requirements.txt","N/A"
*requirementstxxt*,"Potential typo squatting, variations of the file requirements.txt","N/A"
*requirementt*,"Potential typo squatting, variations of the file requirements.txt","N/A"
*requirementtsxt*,"Potential typo squatting, variations of the file requirements.txt","N/A"
*requirementxstxt*,"Potential typo squatting, variations of the file requirements.txt","N/A"
*requirementxt*,"Potential typo squatting, variations of the file requirements.txt","N/A"
*requirementxtt*,"Potential typo squatting, variations of the file requirements.txt","N/A"
*requirementxxt*,"Potential typo squatting, variations of the file requirements.txt","N/A"
*requiremetns*,"Potential typo squatting, variations of the file requirements.txt","N/A"
*requiremetnstxt*,"Potential typo squatting, variations of the file requirements.txt","N/A"
*requiremetstx*,"Potential typo squatting, variations of the file requirements.txt","N/A"
*requiremetstxt*,"Potential typo squatting, variations of the file requirements.txt","N/A"
*requiremments*,"Potential typo squatting, variations of the file requirements.txt","N/A"
*requiremmentstxt*,"Potential typo squatting, variations of the file requirements.txt","N/A"
*requiremmentxt*,"Potential typo squatting, variations of the file requirements.txt","N/A"
*requiremmentxtxt*,"Potential typo squatting, variations of the file requirements.txt","N/A"
*requiremnets*,"Potential typo squatting, variations of the file requirements.txt","N/A"
*requiremnetstxt*,"Potential typo squatting, variations of the file requirements.txt","N/A"
*requiremnetxtxt*,"Potential typo squatting, variations of the file requirements.txt","N/A"
*requiremnts*,"Potential typo squatting, variations of the file requirements.txt","N/A"
*requiremntstx*,"Potential typo squatting, variations of the file requirements.txt","N/A"
*requiremntstxt*,"Potential typo squatting, variations of the file requirements.txt","N/A"
*requiremntxtxt*,"Potential typo squatting, variations of the file requirements.txt","N/A"
*requiremtns*,"Potential typo squatting, variations of the file requirements.txt","N/A"
*requirmeents*,"Potential typo squatting, variations of the file requirements.txt","N/A"
*requirment*,"Potential typo squatting, variations of the file requirements.txt","N/A"
*requirments*,"Potential typo squatting, variations of the file requirements.txt","N/A"
*requirmentss*,"Potential typo squatting, variations of the file requirements.txt","N/A"
*requirmentstx*,"Potential typo squatting, variations of the file requirements.txt","N/A"
*requirmentstxt*,"Potential typo squatting, variations of the file requirements.txt","N/A"
*requirmentstxtt*,"Potential typo squatting, variations of the file requirements.txt","N/A"
*requirrementstxt*,"Potential typo squatting, variations of the file requirements.txt","N/A"
*requirtements*,"Potential typo squatting, variations of the file requirements.txt","N/A"
*requiurement*,"Potential typo squatting, variations of the file requirements.txt","N/A"
*requiurementstxt*,"Potential typo squatting, variations of the file requirements.txt","N/A"
*requksts*,"Potential typo squatting, variations of requests","https://pypi.org/project/requests/"
*requnests*,"Potential typo squatting, variations of requests","https://pypi.org/project/requests/"
*requrementstxt*,"Potential typo squatting, variations of the file requirements.txt","N/A"
*requriements*,"Potential typo squatting, variations of the file requirements.txt","N/A"
*requriments*,"Potential typo squatting, variations of the file requirements.txt","N/A"
*requssts*,"Potential typo squatting, variations of requests","https://pypi.org/project/requests/"
*requstss*,"Potential typo squatting, variations of requests","https://pypi.org/project/requests/"
*requxsts*,"Potential typo squatting, variations of requests","https://pypi.org/project/requests/"
*requyests*,"Potential typo squatting, variations of requests","https://pypi.org/project/requests/"
*requzsts*,"Potential typo squatting, variations of requests","https://pypi.org/project/requests/"
*reqzests*,"Potential typo squatting, variations of requests","https://pypi.org/project/requests/"
*reuirements*,"Potential typo squatting, variations of the file requirements.txt","N/A"
*seleenim*,"Potential typo squatting, variations of selenium","https://pypi.org/project/selenium/"
*seleenimu*,"Potential typo squatting, variations of selenium","https://pypi.org/project/selenium/"
*seleeniumm*,"Potential typo squatting, variations of selenium","https://pypi.org/project/selenium/"
*seleinium*,"Potential typo squatting, variations of selenium","https://pypi.org/project/selenium/"
*seleiniumm*,"Potential typo squatting, variations of selenium","https://pypi.org/project/selenium/"
*seleinuim*,"Potential typo squatting, variations of selenium","https://pypi.org/project/selenium/"
*seleiumm*,"Potential typo squatting, variations of selenium","https://pypi.org/project/selenium/"
*selemiumm*,"Potential typo squatting, variations of selenium","https://pypi.org/project/selenium/"
*selemni*,"Potential typo squatting, variations of selenium","https://pypi.org/project/selenium/"
*selemnim*,"Potential typo squatting, variations of selenium","https://pypi.org/project/selenium/"
*selemnium*,"Potential typo squatting, variations of selenium","https://pypi.org/project/selenium/"
*selemniumm*,"Potential typo squatting, variations of selenium","https://pypi.org/project/selenium/"
*selenimn*,"Potential typo squatting, variations of selenium","https://pypi.org/project/selenium/"
*selennim*,"Potential typo squatting, variations of selenium","https://pypi.org/project/selenium/"
*selenniumm*,"Potential typo squatting, variations of selenium","https://pypi.org/project/selenium/"
*selennuim*,"Potential typo squatting, variations of selenium","https://pypi.org/project/selenium/"
*selenuimm*,"Potential typo squatting, variations of selenium","https://pypi.org/project/selenium/"
*selenyum*,"Potential typo squatting, variations of selenium","https://pypi.org/project/selenium/"
*seleunium*,"Potential typo squatting, variations of selenium","https://pypi.org/project/selenium/"
*seliniumm*,"Potential typo squatting, variations of selenium","https://pypi.org/project/selenium/"
*seliniumn*,"Potential typo squatting, variations of selenium","https://pypi.org/project/selenium/"
*selinum*,"Potential typo squatting, variations of selenium","https://pypi.org/project/selenium/"
*selleium*,"Potential typo squatting, variations of selenium","https://pypi.org/project/selenium/"
*selleniium*,"Potential typo squatting, variations of selenium","https://pypi.org/project/selenium/"
*sellenim*,"Potential typo squatting, variations of selenium","https://pypi.org/project/selenium/"
*selleniumm*,"Potential typo squatting, variations of selenium","https://pypi.org/project/selenium/"
*sellinium*,"Potential typo squatting, variations of selenium","https://pypi.org/project/selenium/"
*selunium*,"Potential typo squatting, variations of selenium","https://pypi.org/project/selenium/"
*sijplejso*,"Potential typo squatting, variations of simplejson","https://pypi.org/project/simplejson/"
*sijplejson*,"Potential typo squatting, variations of simplejson","https://pypi.org/project/simplejson/"
*simepljson*,"Potential typo squatting, variations of simplejson","https://pypi.org/project/simplejson/"
*simolejson*,"Potential typo squatting, variations of simplejson","https://pypi.org/project/simplejson/"
*simpejso*,"Potential typo squatting, variations of simplejson","https://pypi.org/project/simplejson/"
*simpjson*,"Potential typo squatting, variations of simplejson","https://pypi.org/project/simplejson/"
*simpkejson*,"Potential typo squatting, variations of simplejson","https://pypi.org/project/simplejson/"
*simplejason*,"Potential typo squatting, variations of simplejson","https://pypi.org/project/simplejson/"
*simplejdon*,"Potential typo squatting, variations of simplejson","https://pypi.org/project/simplejson/"
*simplejsoh*,"Potential typo squatting, variations of simplejson","https://pypi.org/project/simplejson/"
*simplejsoj*,"Potential typo squatting, variations of simplejson","https://pypi.org/project/simplejson/"
*simpoejson*,"Potential typo squatting, variations of simplejson","https://pypi.org/project/simplejson/"
*siplejason*,"Potential typo squatting, variations of simplejson","https://pypi.org/project/simplejson/"
*sjimplejson*,"Potential typo squatting, variations of simplejson","https://pypi.org/project/simplejson/"
*sjmplejson*,"Potential typo squatting, variations of simplejson","https://pypi.org/project/simplejson/"
*temsorflow*,"Potential typo squatting, variations of tensorflow","https://pypi.org/project/tensorflow/"
*tensnflow*,"Potential typo squatting, variations of tensorflow","https://pypi.org/project/tensorflow/"
*tensobflow*,"Potential typo squatting, variations of tensorflow","https://pypi.org/project/tensorflow/"
*tensofklow*,"Potential typo squatting, variations of tensorflow","https://pypi.org/project/tensorflow/"
*tensofl9w*,"Potential typo squatting, variations of tensorflow","https://pypi.org/project/tensorflow/"
*tensofla*,"Potential typo squatting, variations of tensorflow","https://pypi.org/project/tensorflow/"
*tensoflaow*,"Potential typo squatting, variations of tensorflow","https://pypi.org/project/tensorflow/"
*tensofleow*,"Potential typo squatting, variations of tensorflow","https://pypi.org/project/tensorflow/"
*tensofliw*,"Potential typo squatting, variations of tensorflow","https://pypi.org/project/tensorflow/"
*tensofllow*,"Potential typo squatting, variations of tensorflow","https://pypi.org/project/tensorflow/"
*tensofloaw*,"Potential typo squatting, variations of tensorflow","https://pypi.org/project/tensorflow/"
*tensoflod*,"Potential typo squatting, variations of tensorflow","https://pypi.org/project/tensorflow/"
*tensoflolw*,"Potential typo squatting, variations of tensorflow","https://pypi.org/project/tensorflow/"
*tensoflom*,"Potential typo squatting, variations of tensorflow","https://pypi.org/project/tensorflow/"
*tensoflomw*,"Potential typo squatting, variations of tensorflow","https://pypi.org/project/tensorflow/"
*tensoflonw*,"Potential typo squatting, variations of tensorflow","https://pypi.org/project/tensorflow/"
*tensoflor*,"Potential typo squatting, variations of tensorflow","https://pypi.org/project/tensorflow/"
*tensoflouw*,"Potential typo squatting, variations of tensorflow","https://pypi.org/project/tensorflow/"
*tensoflpw*,"Potential typo squatting, variations of tensorflow","https://pypi.org/project/tensorflow/"
*tensoflqw*,"Potential typo squatting, variations of tensorflow","https://pypi.org/project/tensorflow/"
*tensoflsw*,"Potential typo squatting, variations of tensorflow","https://pypi.org/project/tensorflow/"
*tensoflw*,"Potential typo squatting, variations of tensorflow","https://pypi.org/project/tensorflow/"
*tensoflxow*,"Potential typo squatting, variations of tensorflow","https://pypi.org/project/tensorflow/"
*tensofpow*,"Potential typo squatting, variations of tensorflow","https://pypi.org/project/tensorflow/"
*tensogflow*,"Potential typo squatting, variations of tensorflow","https://pypi.org/project/tensorflow/"
*tensourflow*,"Potential typo squatting, variations of tensorflow","https://pypi.org/project/tensorflow/"
*tensxoflow*,"Potential typo squatting, variations of tensorflow","https://pypi.org/project/tensorflow/"
*trnsorflow*,"Potential typo squatting, variations of tensorflow","https://pypi.org/project/tensorflow/"
*pyquest*,"Potential typo squatting, variations of requests","https://pypi.org/project/requests/"
*ultrarequests*,"Potential typo squatting, variations of requests","https://pypi.org/project/requests/"
